modelo;tipo_grade;N;execucao;voxel_size;nx;ny;nz;total;occupied;empty;density;t_vox;delta_rss_vox;octree_nodes;leaves_full;leaves_empty;max_depth;t_oct;delta_rss_oct;compression
Armadillo;Justa;25;1;6,0529;21;26;21;11466;1418;10048;0,1237;0,140;0,67;5121;1070;3411;5;0,009;0,01;0,4466
Armadillo;Justa;25;2;6,0529;21;26;21;11466;1418;10048;0,1237;0,140;0,67;5121;1070;3411;5;0,009;0,00;0,4466
Armadillo;Justa;25;3;6,0529;21;26;21;11466;1418;10048;0,1237;0,140;0,67;5121;1070;3411;5;0,009;0,00;0,4466
Armadillo;Justa;25;4;6,0529;21;26;21;11466;1418;10048;0,1237;0,140;0,67;5121;1070;3411;5;0,009;0,00;0,4466
Armadillo;Justa;25;5;6,0529;21;26;21;11466;1418;10048;0,1237;0,140;0,67;5121;1070;3411;5;0,009;0,00;0,4466
Armadillo;Justa;25;6;6,0529;21;26;21;11466;1418;10048;0,1237;0,140;0,67;5121;1070;3411;5;0,008;0,00;0,4466
Armadillo;Justa;25;7;6,0529;21;26;21;11466;1418;10048;0,1237;0,140;0,67;5121;1070;3411;5;0,009;0,00;0,4466
Armadillo;Justa;25;8;6,0529;21;26;21;11466;1418;10048;0,1237;0,140;0,67;5121;1070;3411;5;0,009;0,00;0,4466
Armadillo;Justa;25;9;6,0529;21;26;21;11466;1418;10048;0,1237;0,140;0,67;5121;1070;3411;5;0,009;0,00;0,4466
Armadillo;Justa;25;10;6,0529;21;26;21;11466;1418;10048;0,1237;0,140;0,67;5121;1070;3411;5;0,009;0,00;0,4466
Armadillo;Cubica;25;1;6,0529;25;25;25;15625;1407;14218;0,0900;0,140;0,67;4561;1117;2874;5;0,006;0,00;0,2919
Armadillo;Cubica;25;2;6,0529;25;25;25;15625;1407;14218;0,0900;0,140;0,67;4561;1117;2874;5;0,006;0,00;0,2919
Armadillo;Cubica;25;3;6,0529;25;25;25;15625;1407;14218;0,0900;0,140;0,67;4561;1117;2874;5;0,005;0,00;0,2919
Armadillo;Cubica;25;4;6,0529;25;25;25;15625;1407;14218;0,0900;0,140;0,67;4561;1117;2874;5;0,008;0,00;0,2919
Armadillo;Cubica;25;5;6,0529;25;25;25;15625;1407;14218;0,0900;0,140;0,67;4561;1117;2874;5;0,006;0,00;0,2919
Armadillo;Cubica;25;6;6,0529;25;25;25;15625;1407;14218;0,0900;0,140;0,67;4561;1117;2874;5;0,007;0,00;0,2919
Armadillo;Cubica;25;7;6,0529;25;25;25;15625;1407;14218;0,0900;0,140;0,67;4561;1117;2874;5;0,006;0,00;0,2919
Armadillo;Cubica;25;8;6,0529;25;25;25;15625;1407;14218;0,0900;0,140;0,67;4561;1117;2874;5;0,007;0,00;0,2919
Armadillo;Cubica;25;9;6,0529;25;25;25;15625;1407;14218;0,0900;0,140;0,67;4561;1117;2874;5;0,006;0,00;0,2919
Armadillo;Cubica;25;10;6,0529;25;25;25;15625;1407;14218;0,0900;0,140;0,67;4561;1117;2874;5;0,006;0,00;0,2919
Armadillo;Justa;50;1;3,0264;43;51;39;85527;5789;79738;0,0677;0,156;0,16;20753;4362;13797;6;0,086;3,01;0,2426
Armadillo;Justa;50;2;3,0264;43;51;39;85527;5789;79738;0,0677;0,156;0,16;20753;4362;13797;6;0,040;1,00;0,2426
Armadillo;Justa;50;3;3,0264;43;51;39;85527;5789;79738;0,0677;0,156;0,16;20753;4362;13797;6;0,038;0,37;0,2426
Armadillo;Justa;50;4;3,0264;43;51;39;85527;5789;79738;0,0677;0,156;0,16;20753;4362;13797;6;0,039;0,00;0,2426
Armadillo;Justa;50;5;3,0264;43;51;39;85527;5789;79738;0,0677;0,156;0,16;20753;4362;13797;6;0,039;0,00;0,2426
Armadillo;Justa;50;6;3,0264;43;51;39;85527;5789;79738;0,0677;0,156;0,16;20753;4362;13797;6;0,038;0,00;0,2426
Armadillo;Justa;50;7;3,0264;43;51;39;85527;5789;79738;0,0677;0,156;0,16;20753;4362;13797;6;0,043;0,00;0,2426
Armadillo;Justa;50;8;3,0264;43;51;39;85527;5789;79738;0,0677;0,156;0,16;20753;4362;13797;6;0,049;0,00;0,2426
Armadillo;Justa;50;9;3,0264;43;51;39;85527;5789;79738;0,0677;0,156;0,16;20753;4362;13797;6;0,037;0,00;0,2426
Armadillo;Justa;50;10;3,0264;43;51;39;85527;5789;79738;0,0677;0,156;0,16;20753;4362;13797;6;0,039;0,00;0,2426
Armadillo;Cubica;50;1;3,0264;50;50;50;125000;5773;119227;0,0462;0,156;0,16;18697;4668;11692;6;0,025;0,01;0,1496
Armadillo;Cubica;50;2;3,0264;50;50;50;125000;5773;119227;0,0462;0,156;0,16;18697;4668;11692;6;0,025;0,06;0,1496
Armadillo;Cubica;50;3;3,0264;50;50;50;125000;5773;119227;0,0462;0,156;0,16;18697;4668;11692;6;0,029;0,06;0,1496
Armadillo;Cubica;50;4;3,0264;50;50;50;125000;5773;119227;0,0462;0,156;0,16;18697;4668;11692;6;0,028;1,05;0,1496
Armadillo;Cubica;50;5;3,0264;50;50;50;125000;5773;119227;0,0462;0,156;0,16;18697;4668;11692;6;0,029;1,05;0,1496
Armadillo;Cubica;50;6;3,0264;50;50;50;125000;5773;119227;0,0462;0,156;0,16;18697;4668;11692;6;0,031;1,03;0,1496
Armadillo;Cubica;50;7;3,0264;50;50;50;125000;5773;119227;0,0462;0,156;0,16;18697;4668;11692;6;0,028;1,00;0,1496
Armadillo;Cubica;50;8;3,0264;50;50;50;125000;5773;119227;0,0462;0,156;0,16;18697;4668;11692;6;0,030;1,00;0,1496
Armadillo;Cubica;50;9;3,0264;50;50;50;125000;5773;119227;0,0462;0,156;0,16;18697;4668;11692;6;0,031;1,00;0,1496
Armadillo;Cubica;50;10;3,0264;50;50;50;125000;5773;119227;0,0462;0,156;0,16;18697;4668;11692;6;0,039;1,00;0,1496
Armadillo;Justa;100;1;1,5132;85;101;77;661045;21934;639111;0,0332;0,219;-1,69;87449;17285;59233;7;0,186;18,51;0,1323
Armadillo;Justa;100;2;1,5132;85;101;77;661045;21934;639111;0,0332;0,219;-1,69;87449;17285;59233;7;0,201;16,00;0,1323
Armadillo;Justa;100;3;1,5132;85;101;77;661045;21934;639111;0,0332;0,219;-1,69;87449;17285;59233;7;1,229;14,00;0,1323
Armadillo;Justa;100;4;1,5132;85;101;77;661045;21934;639111;0,0332;0,219;-1,69;87449;17285;59233;7;0,187;13,01;0,1323
Armadillo;Justa;100;5;1,5132;85;101;77;661045;21934;639111;0,0332;0,219;-1,69;87449;17285;59233;7;0,183;13,00;0,1323
Armadillo;Justa;100;6;1,5132;85;101;77;661045;21934;639111;0,0332;0,219;-1,69;87449;17285;59233;7;0,185;13,00;0,1323
Armadillo;Justa;100;7;1,5132;85;101;77;661045;21934;639111;0,0332;0,219;-1,69;87449;17285;59233;7;0,189;14,00;0,1323
Armadillo;Justa;100;8;1,5132;85;101;77;661045;21934;639111;0,0332;0,219;-1,69;87449;17285;59233;7;1,239;13,00;0,1323
Armadillo;Justa;100;9;1,5132;85;101;77;661045;21934;639111;0,0332;0,219;-1,69;87449;17285;59233;7;0,189;13,00;0,1323
Armadillo;Justa;100;10;1,5132;85;101;77;661045;21934;639111;0,0332;0,219;-1,69;87449;17285;59233;7;0,181;13,02;0,1323
Armadillo;Cubica;100;1;1,5132;100;100;100;1000000;21902;978098;0,0219;0,219;-1,69;79361;18697;50744;7;0,118;6,04;0,0794
Armadillo;Cubica;100;2;1,5132;100;100;100;1000000;21902;978098;0,0219;0,219;-1,69;79361;18697;50744;7;0,116;8,82;0,0794
Armadillo;Cubica;100;3;1,5132;100;100;100;1000000;21902;978098;0,0219;0,219;-1,69;79361;18697;50744;7;0,119;9,76;0,0794
Armadillo;Cubica;100;4;1,5132;100;100;100;1000000;21902;978098;0,0219;0,219;-1,69;79361;18697;50744;7;0,578;9,76;0,0794
Armadillo;Cubica;100;5;1,5132;100;100;100;1000000;21902;978098;0,0219;0,219;-1,69;79361;18697;50744;7;0,237;10,74;0,0794
Armadillo;Cubica;100;6;1,5132;100;100;100;1000000;21902;978098;0,0219;0,219;-1,69;79361;18697;50744;7;0,119;10,74;0,0794
Armadillo;Cubica;100;7;1,5132;100;100;100;1000000;21902;978098;0,0219;0,219;-1,69;79361;18697;50744;7;0,118;10,74;0,0794
Armadillo;Cubica;100;8;1,5132;100;100;100;1000000;21902;978098;0,0219;0,219;-1,69;79361;18697;50744;7;0,122;10,74;0,0794
Armadillo;Cubica;100;9;1,5132;100;100;100;1000000;21902;978098;0,0219;0,219;-1,69;79361;18697;50744;7;0,144;10,74;0,0794
Armadillo;Cubica;100;10;1,5132;100;100;100;1000000;21902;978098;0,0219;0,219;-1,69;79361;18697;50744;7;0,162;10,74;0,0794
Armadillo;Justa;200;1;0,7566;169;201;153;5197257;88110;5109147;0,0170;4,385;1,80;359033;69664;244490;8;1,043;75,88;0,0691
Armadillo;Justa;200;2;0,7566;169;201;153;5197257;88110;5109147;0,0170;4,385;1,80;359033;69664;244490;8;4,135;71,26;0,0691
Armadillo;Justa;200;3;0,7566;169;201;153;5197257;88110;5109147;0,0170;4,385;1,80;359033;69664;244490;8;4,103;70,02;0,0691
Armadillo;Justa;200;4;0,7566;169;201;153;5197257;88110;5109147;0,0170;4,385;1,80;359033;69664;244490;8;0,985;69,23;0,0691
Armadillo;Justa;200;5;0,7566;169;201;153;5197257;88110;5109147;0,0170;4,385;1,80;359033;69664;244490;8;3,412;69,16;0,0691
Armadillo;Justa;200;6;0,7566;169;201;153;5197257;88110;5109147;0,0170;4,385;1,80;359033;69664;244490;8;0,999;69,22;0,0691
Armadillo;Justa;200;7;0,7566;169;201;153;5197257;88110;5109147;0,0170;4,385;1,80;359033;69664;244490;8;1,308;69,00;0,0691
Armadillo;Justa;200;8;0,7566;169;201;153;5197257;88110;5109147;0,0170;4,385;1,80;359033;69664;244490;8;2,419;69,00;0,0691
Armadillo;Justa;200;9;0,7566;169;201;153;5197257;88110;5109147;0,0170;4,385;1,80;359033;69664;244490;8;4,065;69,00;0,0691
Armadillo;Justa;200;10;0,7566;169;201;153;5197257;88110;5109147;0,0170;4,385;1,80;359033;69664;244490;8;4,078;69,00;0,0691
Armadillo;Cubica;200;1;0,7566;200;200;200;8000000;88051;7911949;0,0110;4,385;1,80;328761;75499;212167;8;0,738;53,27;0,0411
Armadillo;Cubica;200;2;0,7566;200;200;200;8000000;88051;7911949;0,0110;4,385;1,80;328761;75499;212167;8;0,678;55,94;0,0411
Armadillo;Cubica;200;3;0,7566;200;200;200;8000000;88051;7911949;0,0110;4,385;1,80;328761;75499;212167;8;3,764;55,88;0,0411
Armadillo;Cubica;200;4;0,7566;200;200;200;8000000;88051;7911949;0,0110;4,385;1,80;328761;75499;212167;8;0,706;56,89;0,0411
Armadillo;Cubica;200;5;0,7566;200;200;200;8000000;88051;7911949;0,0110;4,385;1,80;328761;75499;212167;8;3,738;56,88;0,0411
Armadillo;Cubica;200;6;0,7566;200;200;200;8000000;88051;7911949;0,0110;4,385;1,80;328761;75499;212167;8;1,062;56,88;0,0411
Armadillo;Cubica;200;7;0,7566;200;200;200;8000000;88051;7911949;0,0110;4,385;1,80;328761;75499;212167;8;2,235;55,38;0,0411
Armadillo;Cubica;200;8;0,7566;200;200;200;8000000;88051;7911949;0,0110;4,385;1,80;328761;75499;212167;8;0,707;57,96;0,0411
Armadillo;Cubica;200;9;0,7566;200;200;200;8000000;88051;7911949;0,0110;4,385;1,80;328761;75499;212167;8;0,725;57,17;0,0411
Armadillo;Cubica;200;10;0,7566;200;200;200;8000000;88051;7911949;0,0110;4,385;1,80;328761;75499;212167;8;3,159;55,46;0,0411
Armadillo;Justa;400;1;0,3783;337;401;307;41487059;351913;41135146;0,0085;11,552;9,52;1447689;280117;986611;9;10,451;301,88;0,0349
Armadillo;Justa;400;2;0,3783;337;401;307;41487059;351913;41135146;0,0085;11,552;9,52;1447689;280117;986611;9;10,494;301,49;0,0349
Armadillo;Justa;400;3;0,3783;337;401;307;41487059;351913;41135146;0,0085;11,552;9,52;1447689;280117;986611;9;10,967;301,45;0,0349
Armadillo;Justa;400;4;0,3783;337;401;307;41487059;351913;41135146;0,0085;11,552;9,52;1447689;280117;986611;9;10,576;300,04;0,0349
Armadillo;Justa;400;5;0,3783;337;401;307;41487059;351913;41135146;0,0085;11,552;9,52;1447689;280117;986611;9;13,279;298,33;0,0349
Armadillo;Justa;400;6;0,3783;337;401;307;41487059;351913;41135146;0,0085;11,552;9,52;1447689;280117;986611;9;10,447;299,52;0,0349
Armadillo;Justa;400;7;0,3783;337;401;307;41487059;351913;41135146;0,0085;11,552;9,52;1447689;280117;986611;9;10,670;298,95;0,0349
Armadillo;Justa;400;8;0,3783;337;401;307;41487059;351913;41135146;0,0085;11,552;9,52;1447689;280117;986611;9;9,554;298,96;0,0349
Armadillo;Justa;400;9;0,3783;337;401;307;41487059;351913;41135146;0,0085;11,552;9,52;1447689;280117;986611;9;10,302;298,50;0,0349
Armadillo;Justa;400;10;0,3783;337;401;307;41487059;351913;41135146;0,0085;11,552;9,52;1447689;280117;986611;9;10,493;298,96;0,0349
Armadillo;Cubica;400;1;0,3783;400;400;400;64000000;351889;63648111;0,0055;11,552;9,52;1329217;303263;859802;9;8,499;235,08;0,0208
Armadillo;Cubica;400;2;0,3783;400;400;400;64000000;351889;63648111;0,0055;11,552;9,52;1329217;303263;859802;9;6,051;235,18;0,0208
Armadillo;Cubica;400;3;0,3783;400;400;400;64000000;351889;63648111;0,0055;11,552;9,52;1329217;303263;859802;9;8,267;234,10;0,0208
Armadillo;Cubica;400;4;0,3783;400;400;400;64000000;351889;63648111;0,0055;11,552;9,52;1329217;303263;859802;9;14,957;233,21;0,0208
Armadillo;Cubica;400;5;0,3783;400;400;400;64000000;351889;63648111;0,0055;11,552;9,52;1329217;303263;859802;9;10,281;232,43;0,0208
Armadillo;Cubica;400;6;0,3783;400;400;400;64000000;351889;63648111;0,0055;11,552;9,52;1329217;303263;859802;9;9,311;233,21;0,0208
Armadillo;Cubica;400;7;0,3783;400;400;400;64000000;351889;63648111;0,0055;11,552;9,52;1329217;303263;859802;9;9,351;233,19;0,0208
Armadillo;Cubica;400;8;0,3783;400;400;400;64000000;351889;63648111;0,0055;11,552;9,52;1329217;303263;859802;9;8,090;234,27;0,0208
Armadillo;Cubica;400;9;0,3783;400;400;400;64000000;351889;63648111;0,0055;11,552;9,52;1329217;303263;859802;9;9,482;234,17;0,0208
Armadillo;Cubica;400;10;0,3783;400;400;400;64000000;351889;63648111;0,0055;11,552;9,52;1329217;303263;859802;9;8,852;233,30;0,0208
Buda;Justa;25;1;6,0400;11;26;11;3146;1070;2076;0,3401;3,340;-0,50;3313;602;2297;5;0,007;0,00;1,0531
Buda;Justa;25;2;6,0400;11;26;11;3146;1070;2076;0,3401;3,340;-0,50;3313;602;2297;5;0,005;0,00;1,0531
Buda;Justa;25;3;6,0400;11;26;11;3146;1070;2076;0,3401;3,340;-0,50;3313;602;2297;5;0,006;0,00;1,0531
Buda;Justa;25;4;6,0400;11;26;11;3146;1070;2076;0,3401;3,340;-0,50;3313;602;2297;5;0,007;0,00;1,0531
Buda;Justa;25;5;6,0400;11;26;11;3146;1070;2076;0,3401;3,340;-0,50;3313;602;2297;5;0,007;0,00;1,0531
Buda;Justa;25;6;6,0400;11;26;11;3146;1070;2076;0,3401;3,340;-0,50;3313;602;2297;5;0,006;0,00;1,0531
Buda;Justa;25;7;6,0400;11;26;11;3146;1070;2076;0,3401;3,340;-0,50;3313;602;2297;5;0,005;0,00;1,0531
Buda;Justa;25;8;6,0400;11;26;11;3146;1070;2076;0,3401;3,340;-0,50;3313;602;2297;5;0,006;0,00;1,0531
Buda;Justa;25;9;6,0400;11;26;11;3146;1070;2076;0,3401;3,340;-0,50;3313;602;2297;5;0,006;0,00;1,0531
Buda;Justa;25;10;6,0400;11;26;11;3146;1070;2076;0,3401;3,340;-0,50;3313;602;2297;5;0,005;0,00;1,0531
Buda;Cubica;25;1;6,0400;25;25;25;15625;1043;14582;0,0668;3,340;-0,50;3409;817;2166;5;0,004;0,00;0,2182
Buda;Cubica;25;2;6,0400;25;25;25;15625;1043;14582;0,0668;3,340;-0,50;3409;817;2166;5;0,005;0,00;0,2182
Buda;Cubica;25;3;6,0400;25;25;25;15625;1043;14582;0,0668;3,340;-0,50;3409;817;2166;5;0,004;0,00;0,2182
Buda;Cubica;25;4;6,0400;25;25;25;15625;1043;14582;0,0668;3,340;-0,50;3409;817;2166;5;0,004;0,00;0,2182
Buda;Cubica;25;5;6,0400;25;25;25;15625;1043;14582;0,0668;3,340;-0,50;3409;817;2166;5;0,004;0,00;0,2182
Buda;Cubica;25;6;6,0400;25;25;25;15625;1043;14582;0,0668;3,340;-0,50;3409;817;2166;5;0,004;0,00;0,2182
Buda;Cubica;25;7;6,0400;25;25;25;15625;1043;14582;0,0668;3,340;-0,50;3409;817;2166;5;0,004;0,00;0,2182
Buda;Cubica;25;8;6,0400;25;25;25;15625;1043;14582;0,0668;3,340;-0,50;3409;817;2166;5;0,004;0,00;0,2182
Buda;Cubica;25;9;6,0400;25;25;25;15625;1043;14582;0,0668;3,340;-0,50;3409;817;2166;5;0,017;0,00;0,2182
Buda;Cubica;25;10;6,0400;25;25;25;15625;1043;14582;0,0668;3,340;-0,50;3409;817;2166;5;0,004;0,00;0,2182
Buda;Justa;50;1;3,0200;22;51;22;24684;4523;20161;0,1832;0,484;-0,21;20073;2985;14579;6;0,034;0,79;0,8132
Buda;Justa;50;2;3,0200;22;51;22;24684;4523;20161;0,1832;0,484;-0,21;20073;2985;14579;6;0,034;1,00;0,8132
Buda;Justa;50;3;3,0200;22;51;22;24684;4523;20161;0,1832;0,484;-0,21;20073;2985;14579;6;0,035;0,71;0,8132
Buda;Justa;50;4;3,0200;22;51;22;24684;4523;20161;0,1832;0,484;-0,21;20073;2985;14579;6;0,350;0,00;0,8132
Buda;Justa;50;5;3,0200;22;51;22;24684;4523;20161;0,1832;0,484;-0,21;20073;2985;14579;6;0,347;0,00;0,8132
Buda;Justa;50;6;3,0200;22;51;22;24684;4523;20161;0,1832;0,484;-0,21;20073;2985;14579;6;0,351;0,00;0,8132
Buda;Justa;50;7;3,0200;22;51;22;24684;4523;20161;0,1832;0,484;-0,21;20073;2985;14579;6;0,393;0,00;0,8132
Buda;Justa;50;8;3,0200;22;51;22;24684;4523;20161;0,1832;0,484;-0,21;20073;2985;14579;6;0,343;0,00;0,8132
Buda;Justa;50;9;3,0200;22;51;22;24684;4523;20161;0,1832;0,484;-0,21;20073;2985;14579;6;0,342;0,00;0,8132
Buda;Justa;50;10;3,0200;22;51;22;24684;4523;20161;0,1832;0,484;-0,21;20073;2985;14579;6;0,057;0,00;0,8132
Buda;Cubica;50;1;3,0200;50;50;50;125000;4516;120484;0,0361;0,484;-0,21;13977;3465;8765;6;0,018;0,00;0,1118
Buda;Cubica;50;2;3,0200;50;50;50;125000;4516;120484;0,0361;0,484;-0,21;13977;3465;8765;6;0,019;0,00;0,1118
Buda;Cubica;50;3;3,0200;50;50;50;125000;4516;120484;0,0361;0,484;-0,21;13977;3465;8765;6;0,018;0,00;0,1118
Buda;Cubica;50;4;3,0200;50;50;50;125000;4516;120484;0,0361;0,484;-0,21;13977;3465;8765;6;0,018;0,00;0,1118
Buda;Cubica;50;5;3,0200;50;50;50;125000;4516;120484;0,0361;0,484;-0,21;13977;3465;8765;6;0,018;0,00;0,1118
Buda;Cubica;50;6;3,0200;50;50;50;125000;4516;120484;0,0361;0,484;-0,21;13977;3465;8765;6;0,018;0,00;0,1118
Buda;Cubica;50;7;3,0200;50;50;50;125000;4516;120484;0,0361;0,484;-0,21;13977;3465;8765;6;0,018;0,00;0,1118
Buda;Cubica;50;8;3,0200;50;50;50;125000;4516;120484;0,0361;0,484;-0,21;13977;3465;8765;6;0,017;0,00;0,1118
Buda;Cubica;50;9;3,0200;50;50;50;125000;4516;120484;0,0361;0,484;-0,21;13977;3465;8765;6;0,023;0,00;0,1118
Buda;Cubica;50;10;3,0200;50;50;50;125000;4516;120484;0,0361;0,484;-0,21;13977;3465;8765;6;0,019;0,00;0,1118
Buda;Justa;100;1;1,5100;42;101;42;178164;18535;159629;0,1040;0,695;1,12;82193;12210;59709;7;1,901;15,65;0,4613
Buda;Justa;100;2;1,5100;42;101;42;178164;18535;159629;0,1040;0,695;1,12;82193;12210;59709;7;0,821;15,00;0,4613
Buda;Justa;100;3;1,5100;42;101;42;178164;18535;159629;0,1040;0,695;1,12;82193;12210;59709;7;0,177;14,00;0,4613
Buda;Justa;100;4;1,5100;42;101;42;178164;18535;159629;0,1040;0,695;1,12;82193;12210;59709;7;0,166;13,00;0,4613
Buda;Justa;100;5;1,5100;42;101;42;178164;18535;159629;0,1040;0,695;1,12;82193;12210;59709;7;0,171;12,00;0,4613
Buda;Justa;100;6;1,5100;42;101;42;178164;18535;159629;0,1040;0,695;1,12;82193;12210;59709;7;0,176;11,00;0,4613
Buda;Justa;100;7;1,5100;42;101;42;178164;18535;159629;0,1040;0,695;1,12;82193;12210;59709;7;1,013;12,00;0,4613
Buda;Justa;100;8;1,5100;42;101;42;178164;18535;159629;0,1040;0,695;1,12;82193;12210;59709;7;1,719;13,00;0,4613
Buda;Justa;100;9;1,5100;42;101;42;178164;18535;159629;0,1040;0,695;1,12;82193;12210;59709;7;0,166;12,00;0,4613
Buda;Justa;100;10;1,5100;42;101;42;178164;18535;159629;0,1040;0,695;1,12;82193;12210;59709;7;0,159;12,00;0,4613
Buda;Cubica;100;1;1,5100;100;100;100;1000000;18437;981563;0,0184;0,695;1,12;57409;14294;35939;7;0,094;4,17;0,0574
Buda;Cubica;100;2;1,5100;100;100;100;1000000;18437;981563;0,0184;0,695;1,12;57409;14294;35939;7;0,091;5,72;0,0574
Buda;Cubica;100;3;1,5100;100;100;100;1000000;18437;981563;0,0184;0,695;1,12;57409;14294;35939;7;0,095;5,67;0,0574
Buda;Cubica;100;4;1,5100;100;100;100;1000000;18437;981563;0,0184;0,695;1,12;57409;14294;35939;7;0,119;5,67;0,0574
Buda;Cubica;100;5;1,5100;100;100;100;1000000;18437;981563;0,0184;0,695;1,12;57409;14294;35939;7;0,094;6,65;0,0574
Buda;Cubica;100;6;1,5100;100;100;100;1000000;18437;981563;0,0184;0,695;1,12;57409;14294;35939;7;0,926;6,65;0,0574
Buda;Cubica;100;7;1,5100;100;100;100;1000000;18437;981563;0,0184;0,695;1,12;57409;14294;35939;7;0,980;6,71;0,0574
Buda;Cubica;100;8;1,5100;100;100;100;1000000;18437;981563;0,0184;0,695;1,12;57409;14294;35939;7;0,843;6,65;0,0574
Buda;Cubica;100;9;1,5100;100;100;100;1000000;18437;981563;0,0184;0,695;1,12;57409;14294;35939;7;0,105;6,65;0,0574
Buda;Cubica;100;10;1,5100;100;100;100;1000000;18437;981563;0,0184;0,695;1,12;57409;14294;35939;7;0,109;6,65;0,0574
Buda;Justa;200;1;0,7550;84;201;83;1401372;74758;1326614;0,0533;5,132;5,04;383937;50830;285115;8;4,151;75,77;0,2740
Buda;Justa;200;2;0,7550;84;201;83;1401372;74758;1326614;0,0533;5,132;5,04;383937;50830;285115;8;4,192;79,08;0,2740
Buda;Justa;200;3;0,7550;84;201;83;1401372;74758;1326614;0,0533;5,132;5,04;383937;50830;285115;8;2,366;78,02;0,2740
Buda;Justa;200;4;0,7550;84;201;83;1401372;74758;1326614;0,0533;5,132;5,04;383937;50830;285115;8;1,368;77,00;0,2740
Buda;Justa;200;5;0,7550;84;201;83;1401372;74758;1326614;0,0533;5,132;5,04;383937;50830;285115;8;4,223;77,00;0,2740
Buda;Justa;200;6;0,7550;84;201;83;1401372;74758;1326614;0,0533;5,132;5,04;383937;50830;285115;8;4,148;76,98;0,2740
Buda;Justa;200;7;0,7550;84;201;83;1401372;74758;1326614;0,0533;5,132;5,04;383937;50830;285115;8;4,122;76,98;0,2740
Buda;Justa;200;8;0,7550;84;201;83;1401372;74758;1326614;0,0533;5,132;5,04;383937;50830;285115;8;1,515;76,91;0,2740
Buda;Justa;200;9;0,7550;84;201;83;1401372;74758;1326614;0,0533;5,132;5,04;383937;50830;285115;8;2,202;77,00;0,2740
Buda;Justa;200;10;0,7550;84;201;83;1401372;74758;1326614;0,0533;5,132;5,04;383937;50830;285115;8;4,181;77,00;0,2740
Buda;Cubica;200;1;0,7550;200;200;200;8000000;74611;7925389;0,0093;5,132;5,04;257961;62025;163691;8;1,945;38,19;0,0322
Buda;Cubica;200;2;0,7550;200;200;200;8000000;74611;7925389;0,0093;5,132;5,04;257961;62025;163691;8;1,316;41,48;0,0322
Buda;Cubica;200;3;0,7550;200;200;200;8000000;74611;7925389;0,0093;5,132;5,04;257961;62025;163691;8;0,552;41,56;0,0322
Buda;Cubica;200;4;0,7550;200;200;200;8000000;74611;7925389;0,0093;5,132;5,04;257961;62025;163691;8;2,734;42,53;0,0322
Buda;Cubica;200;5;0,7550;200;200;200;8000000;74611;7925389;0,0093;5,132;5,04;257961;62025;163691;8;0,555;42,66;0,0322
Buda;Cubica;200;6;0,7550;200;200;200;8000000;74611;7925389;0,0093;5,132;5,04;257961;62025;163691;8;3,638;42,53;0,0322
Buda;Cubica;200;7;0,7550;200;200;200;8000000;74611;7925389;0,0093;5,132;5,04;257961;62025;163691;8;0,563;42,53;0,0322
Buda;Cubica;200;8;0,7550;200;200;200;8000000;74611;7925389;0,0093;5,132;5,04;257961;62025;163691;8;2,257;42,53;0,0322
Buda;Cubica;200;9;0,7550;200;200;200;8000000;74611;7925389;0,0093;5,132;5,04;257961;62025;163691;8;0,983;42,53;0,0322
Buda;Cubica;200;10;0,7550;200;200;200;8000000;74611;7925389;0,0093;5,132;5,04;257961;62025;163691;8;0,998;42,53;0,0322
Buda;Justa;400;1;0,3775;165;401;166;10983390;298866;10684524;0,0272;21,055;6,75;1644321;205720;1233061;9;14,025;347,75;0,1497
Buda;Justa;400;2;0,3775;165;401;166;10983390;298866;10684524;0,0272;21,055;6,75;1644321;205720;1233061;9;10,583;342,22;0,1497
Buda;Justa;400;3;0,3775;165;401;166;10983390;298866;10684524;0,0272;21,055;6,75;1644321;205720;1233061;9;13,921;341,77;0,1497
Buda;Justa;400;4;0,3775;165;401;166;10983390;298866;10684524;0,0272;21,055;6,75;1644321;205720;1233061;9;12,657;339,23;0,1497
Buda;Justa;400;5;0,3775;165;401;166;10983390;298866;10684524;0,0272;21,055;6,75;1644321;205720;1233061;9;13,112;340,78;0,1497
Buda;Justa;400;6;0,3775;165;401;166;10983390;298866;10684524;0,0272;21,055;6,75;1644321;205720;1233061;9;13,936;339,17;0,1497
Buda;Justa;400;7;0,3775;165;401;166;10983390;298866;10684524;0,0272;21,055;6,75;1644321;205720;1233061;9;12,305;339,98;0,1497
Buda;Justa;400;8;0,3775;165;401;166;10983390;298866;10684524;0,0272;21,055;6,75;1644321;205720;1233061;9;13,921;340,07;0,1497
Buda;Justa;400;9;0,3775;165;401;166;10983390;298866;10684524;0,0272;21,055;6,75;1644321;205720;1233061;9;10,867;339,99;0,1497
Buda;Justa;400;10;0,3775;165;401;166;10983390;298866;10684524;0,0272;21,055;6,75;1644321;205720;1233061;9;13,990;340,90;0,1497
Buda;Cubica;400;1;0,3775;400;400;400;64000000;298864;63701136;0,0047;21,055;6,75;1077633;253573;689356;9;5,673;184,89;0,0168
Buda;Cubica;400;2;0,3775;400;400;400;64000000;298864;63701136;0,0047;21,055;6,75;1077633;253573;689356;9;7,553;187,69;0,0168
Buda;Cubica;400;3;0,3775;400;400;400;64000000;298864;63701136;0,0047;21,055;6,75;1077633;253573;689356;9;6,444;187,70;0,0168
Buda;Cubica;400;4;0,3775;400;400;400;64000000;298864;63701136;0,0047;21,055;6,75;1077633;253573;689356;9;5,605;187,64;0,0168
Buda;Cubica;400;5;0,3775;400;400;400;64000000;298864;63701136;0,0047;21,055;6,75;1077633;253573;689356;9;5,600;187,59;0,0168
Buda;Cubica;400;6;0,3775;400;400;400;64000000;298864;63701136;0,0047;21,055;6,75;1077633;253573;689356;9;6,771;187,71;0,0168
Buda;Cubica;400;7;0,3775;400;400;400;64000000;298864;63701136;0,0047;21,055;6,75;1077633;253573;689356;9;8,102;186,63;0,0168
Buda;Cubica;400;8;0,3775;400;400;400;64000000;298864;63701136;0,0047;21,055;6,75;1077633;253573;689356;9;8,688;186,52;0,0168
Buda;Cubica;400;9;0,3775;400;400;400;64000000;298864;63701136;0,0047;21,055;6,75;1077633;253573;689356;9;8,695;186,62;0,0168
Buda;Cubica;400;10;0,3775;400;400;400;64000000;298864;63701136;0,0047;21,055;6,75;1077633;253573;689356;9;7,702;185,64;0,0168
